Time,Open,High,Low,Close,Volume
1747974600,,,,,1
0,,,,,1
1072461114,,,,,
1072462246,,,,,1
0,,,,,0
175,,,,,0
2303476860,,,,,
1936514854,,,,,1
0,,,,,1
1072461974,,,,,
1072462645,,,,,0
0,,,,,0
0,,,,,1
3132233750,,,,,
3145977645,,,,,1
1747994400,,,,,1
0,,,,,1
1072464259,,,,,
1072465497,,,,,0
0,,,,,1
166,,,,,
2983799680,,,,,
1026668982,,,,,1
0,,,,,1
1072467384,,,,,
1072467888,,,,,0
0,,,,,1
0,,,,,1
1094014070,,,,,
2344708546,,,,,1
1748014200,,,,,1
0,,,,,0
1072462875,,,,,
1072463337,,,,,1
0,,,,,1
118,,,,,0
1705617413,,,,,
1827938081,,,,,1
0,,,,,1
1072464385,,,,,
1072465266,,,,,0
0,,,,,33
0,,,,,2674288
2249875668,,,,,
2752902238,,,,,1
1748034000,,,,,1
0,,,,,340
1072464742,,,,,
1072465287,,,,,340
0,,,,,1
177,,,,,0
156680407,,,,,
292744971,,,,,1
0,,,,,1
1072462016,,,,,
1072463274,,,,,0
0,,,,,1
0,,,,,1
3514314040,,,,,
1434862674,,,,,1
1748226600,,,,,1
0,,,,,1
1072467531,,,,,
1072468076,,,,,0
0,,,,,1
135,,,,,0
2168786686,,,,,
3583033517,,,,,1
0,,,,,1
1072470719,,,,,
1072470467,,,,,0
0,,,,,1
0,,,,,1
2196274476,,,,,
375208343,,,,,1
1748246400,,,,,1
0,,,,,1
1072469481,,,,,
1072471411,,,,,1
0,,,,,0
144,,,,,
4248238052,,,,,
1557183343,,,,,1
0,,,,,1
1072467971,,,,,
1072469377,,,,,0
0,,,,,3294
0,,,,,1
428809535,,,,,
3772699273,,,,,1
1748266200,,,,,1
0,,,,,0
1072467909,,,,,
1072468118,,,,,0
0,,,,,1
125,,,,,
4112173488,,,,,
918092209,,,,,1
0,,,,,1
1072469104,,,,,
1072469272,,,,,0
0,,,,,1
0,,,,,1
2644325465,,,,,
2277363459,,,,,1
1748286000,,,,,1
0,,,,,0
1072464993,,,,,
1072465035,,,,,1
0,,,,,1
200,,,,,
1107757965,,,,,
2956311889,,,,,1
0,,,,,1
1072464134,,,,,
1072464469,,,,,0
0,,,,,1
0,,,,,1
142936512,,,,,
2820247325,,,,,1
1748305800,,,,,1
0,,,,,0
1072463169,,,,,
1072464155,,,,,1
0,,,,,0
163,,,,,
101704826,,,,,
4029710116,,,,,1
0,,,,,1
1072464679,,,,,
1072465203,,,,,0
0,,,,,1
0,,,,,0
2317220756,,,,,
2072579418,,,,,1
1748325600,,,,,1
0,,,,,1
1072461806,,,,,
1072463379,,,,,1
0,,,,,1
127,,,,,
644588692,,,,,
522268023,,,,,1
0,,,,,1
1072464427,,,,,
1072464301,,,,,0
0,,,,,1
0,,,,,1
2207269593,,,,,
1011550698,,,,,1
1748345400,,,,,1
0,,,,,1
1072457129,,,,,
1072457381,,,,,30
0,,,,,0
137,,,,,
834254448,,,,,
1078895785,,,,,1
0,,,,,1
1072456794,,,,,
1072457989,,,,,0
0,,,,,1
0,,,,,1
3457964069,,,,,
3104745959,,,,,1
1748365200,,,,,1
0,,,,,3
1072454298,,,,,
1072454319,,,,,1
0,,,,,1
160,,,,,
1921396570,,,,,
1690499128,,,,,1
0,,,,,1
1072457171,,,,,
1072458555,,,,,0
0,,,,,0
0,,,,,0
2520630407,,,,,
74217035,,,,,1
1748385000,,,,,1
0,,,,,1
1072461932,,,,,
1072462120,,,,,1
0,,,,,1
71,,,,,
2629207180,,,,,
2901336308,,,,,1
0,,,,,1
1072463819,,,,,
1072464259,,,,,0
0,,,,,1
0,,,,,1
1352399302,,,,,
618475291,,,,,1
1748404800,,,,,1
0,,,,,1
1072459646,,,,,
1072460233,,,,,1
0,,,,,0
134,,,,,
2779015639,,,,,
3540427441,,,,,1
0,,,,,1
1072461470,,,,,
1072462057,,,,,0
0,,,,,1
0,,,,,1
3404362878,,,,,
4288095348,,,,,1
1748424600,,,,,1
0,,,,,0
1072460820,,,,,
1072461638,,,,,0
0,,,,,2674288
144,,,,,
971693401,,,,,
129192616,,,,,1
0,,,,,1
1072463924,,,,,
1072463966,,,,,0
0,,,,,1
0,,,,,0
849372732,,,,,
1094014070,,,,,1
1748444400,,,,,1
0,,,,,1
1072459017,,,,,
1072459688,,,,,10
0,,,,,0
99,,,,,
2179781802,,,,,
3321899505,,,,,1
0,,,,,1
1072456710,,,,,
1072456794,,,,,0
0,,,,,1
0,,,,,1
4178144186,,,,,
3104745959,,,,,1
1748464200,,,,,1
0,,,,,1
1072458954,,,,,
1072459038,,,,,1
0,,,,,1
179,,,,,0
1745474709,,,,,
1039038488,,,,,1
0,,,,,1
1072460988,,,,,
1072459331,,,,,0
0,,,,,0
0,,,,,0
1039038488,,,,,
454922936,,,,,1
1748484000,,,,,1
0,,,,,1
1072459478,,,,,
1072462183,,,,,1
0,,,,,1
161,,,,,0
2601719389,,,,,
2506886511,,,,,1
0,,,,,1
1072458828,,,,,
1072460631,,,,,0
0,,,,,1
0,,,,,1
2656694971,,,,,
1800450290,,,,,1
1748503800,,,,,1
0,,,,,1
1072460715,,,,,
1072460820,,,,,1
0,,,,,1
79,,,,,
1922770959,,,,,
1922770959,,,,,1
0,,,,,1
1072464742,,,,,
1072464679,,,,,0
0,,,,,0
0,,,,,1
2942567994,,,,,
1488463866,,,,,1
1748523600,,,,,1
0,,,,,1
1072462687,,,,,
1072463861,,,,,1
0,,,,,1
133,,,,,
563499709,,,,,
1094014070,,,,,1
0,,,,,1
1072463043,,,,,
1072463001,,,,,0
0,,,,,1
0,,,,,1
2656694971,,,,,
1936514854,,,,,1
1748543400,,,,,1
0,,,,,1
1072460610,,,,,
1072462267,,,,,0
0,,,,,1
178,,,,,
3268298314,,,,,
2548118197,,,,,1
0,,,,,1
1072462603,,,,,
1072462687,,,,,0
0,,,,,1
0,,,,,1
3159721540,,,,,
3159721540,,,,,1
1748563200,,,,,1
0,,,,,1
1072460002,,,,,
1072461344,,,,,1
0,,,,,1
134,,,,,
3879901657,,,,,
3037400872,,,,,1
0,,,,,1
1072463463,,,,,
1072463442,,,,,0
0,,,,,2958
0,,,,,0
1990116046,,,,,
2615463285,,,,,1
1748583000,,,,,1
0,,,,,0
1072458681,,,,,
1072458891,,,,,0
0,,,,,1
201,,,,,
32985349,,,,,
46729244,,,,,1
0,,,,,1
1072460233,,,,,
1072460380,,,,,0
0,,,,,0
0,,,,,0
3647629825,,,,,
3049770378,,,,,1
1748602800,,,,,1
0,,,,,1
1072455095,,,,,
1072454822,,,,,1
0,,,,,1
140,,,,,
3280667819,,,,,
4164400290,,,,,1
0,,,,,1
1072455661,,,,,
1072455808,,,,,0
0,,,,,1
0,,,,,1
3987104040,,,,,
426060756,,,,,1
1748622600,,,,,1
0,,,,,1
1072450146,,,,,
1072452935,,,,,1
0,,,,,1
152,,,,,
3306781221,,,,,
1471971192,,,,,1
0,,,,,1
1072449516,,,,,
1072451844,,,,,0
0,,,,,1
0,,,,,1
2192151308,,,,,
1947509971,,,,,1
1748642400,,,,,1
0,,,,,1
1072449558,,,,,
1072450733,,,,,1
0,,,,,0
194,,,,,
560750930,,,,,
4135538110,,,,,1
0,,,,,1
1072450607,,,,,
1072451572,,,,,0
0,,,,,0
0,,,,,1
2572857209,,,,,
2124806221,,,,,1
1748835000,,,,,1
0,,,,,1
1072453124,,,,,
1072455724,,,,,1
0,,,,,1
154,,,,,0
2383191453,,,,,
2505512122,,,,,1
0,,,,,1
1072452473,,,,,
1072453207,,,,,0
0,,,,,1
0,,,,,1
2016229447,,,,,
562125320,,,,,1
1748854800,,,,,1
0,,,,,0
1072453921,,,,,
1072454193,,,,,1
0,,,,,1
187,,,,,
4000847936,,,,,
4014591831,,,,,1
0,,,,,1
1072457066,,,,,
1072458115,,,,,0
0,,,,,1
0,,,,,1
3077258168,,,,,
1759218604,,,,,1
1748874600,,,,,1
0,,,,,1
1072458492,,,,,
1072459436,,,,,1
0,,,,,1
174,,,,,
725677674,,,,,
127818227,,,,,1
0,,,,,1
1072462770,,,,,
1072463379,,,,,0
0,,,,,1
0,,,,,0
3621516424,,,,,
4002222325,,,,,1
1748894400,,,,,1
0,,,,,0
1072461093,,,,,
1072461198,,,,,1
0,,,,,1
207,,,,,
2915080203,,,,,
3907389447,,,,,1
0,,,,,1
1072463924,,,,,
1072464868,,,,,0
0,,,,,0
0,,,,,1
3757580988,,,,,
1597040639,,,,,1
1748914200,,,,,1
0,,,,,1
1072463504,,,,,
1072463756,,,,,1
0,,,,,1
119,,,,,
3309530000,,,,,
3690235901,,,,,1
0,,,,,1
1072461135,,,,,
1072461282,,,,,0
0,,,,,1
0,,,,,1
3824926075,,,,,
889230029,,,,,1
1748934000,,,,,1
0,,,,,1
1072457947,,,,,
1072458199,,,,,1
0,,,,,0
159,,,,,
1296049331,,,,,
2913705814,,,,,1
0,,,,,1
1072455829,,,,,
1072456542,,,,,0
0,,,,,1
0,,,,,1
3756206598,,,,,
1568178459,,,,,1
1748953800,,,,,1
0,,,,,0
1072455095,,,,,
1072456185,,,,,1
0,,,,,0
143,,,,,0
956575116,,,,,
3294411715,,,,,1
0,,,,,1
1072453858,,,,,
1072455682,,,,,0
0,,,,,1
0,,,,,1
1214960349,,,,,
725677674,,,,,1
1748973600,,,,,1
0,,,,,1
1072455179,,,,,
1072455368,,,,,1
0,,,,,1
194,,,,,
4259233168,,,,,
1840307587,,,,,1
0,,,,,1
1072456018,,,,,
1072456710,,,,,0
0,,,,,1
0,,,,,0
1935140465,,,,,
4272977063,,,,,1
1748993400,,,,,1
0,,,,,2042122
1072451509,,,,,
1072453774,,,,,0
0,,,,,1
88,,,,,
208907209,,,,,
3906015058,,,,,1
0,,,,,1
1072455409,,,,,
1072455724,,,,,0
0,,,,,0
0,,,,,0
2519256017,,,,,
1351024913,,,,,1
1749013200,,,,,1
0,,,,,1
1072455074,,,,,
1072455493,,,,,1
0,,,,,1
173,,,,,
4245489273,,,,,
4136912500,,,,,1
0,,,,,1
1072453795,,,,,
1072455137,,,,,0
0,,,,,0
0,,,,,0
3280667819,,,,,
114074331,,,,,1
1749033000,,,,,1
0,,,,,1
1072454717,,,,,
1072456815,,,,,1
0,,,,,1
174,,,,,
1854051482,,,,,
263882791,,,,,1
0,,,,,1
1072458387,,,,,
1072458639,,,,,0
0,,,,,1
0,,,,,0
2629207180,,,,,
821884942,,,,,1
1749052800,,,,,1
0,,,,,0
1072460359,,,,,
1072461449,,,,,1
0,,,,,1
134,,,,,
2343334157,,,,,
1120127471,,,,,1
0,,,,,1
1072458471,,,,,
1072459289,,,,,0
0,,,,,1
0,,,,,1
3335643401,,,,,
2982425290,,,,,1
1749072600,,,,,1
0,,,,,0
1072457674,,,,,
1072458618,,,,,1
0,,,,,0
182,,,,,7339025
2098692820,,,,,
1473345581,,,,,1
0,,,,,1
1072455556,,,,,
1072457989,,,,,0
0,,,,,1
0,,,,,0
3444220174,,,,,
1120127471,,,,,1
1749092400,,,,,1
0,,,,,1
1072459772,,,,,
1072459918,,,,,0
0,,,,,0
147,,,,,
2234757383,,,,,
4083311308,,,,,1
0,,,,,1
1072458912,,,,,
1072459059,,,,,0
0,,,,,0
0,,,,,1
141562122,,,,,
4191888081,,,,,1
1749112200,,,,,1
0,,,,,0
1072457297,,,,,
1072458262,,,,,1
0,,,,,1
153,,,,,
2493142616,,,,,
536011919,,,,,1
0,,,,,1
1072459814,,,,,
1072461743,,,,,0
0,,,,,0
0,,,,,0
1175103052,,,,,
685820378,,,,,1
1749132000,,,,,1
0,,,,,1
1072459876,,,,,
1072460233,,,,,8873
0,,,,,1
87,,,,,1
3879901657,,,,,
2372196337,,,,,1
0,,,,,1
1072462372,,,,,
1072463861,,,,,0
0,,,,,0
0,,,,,1
727052064,,,,,
3934877238,,,,,1
1749151800,,,,,1
0,,,,,1
1072462120,,,,,
1072462435,,,,,1
0,,,,,1
199,,,,,
2275989069,,,,,
2398309738,,,,,1
0,,,,,1
1072460485,,,,,
1072461848,,,,,0
0,,,,,1
0,,,,,1
2506886511,,,,,
1419744389,,,,,1
1749171600,,,,,1
0,,,,,8873
1072461072,,,,,
1072462078,,,,,1
0,,,,,1
107,,,,,
1066526279,,,,,
3037400872,,,,,1
0,,,,,1
1072461554,,,,,
1072461261,,,,,0
0,,,,,1
0,,,,,1
3199578837,,,,,
2234757383,,,,,1
1749191400,,,,,1
0,,,,,1
1072458262,,,,,
1072458933,,,,,1
0,,,,,1
162,,,,,0
3444220174,,,,,
3824926075,,,,,1
0,,,,,1
1072457758,,,,,
1072459121,,,,,0
0,,,,,1
0,,,,,924
372459564,,,,,
3077258168,,,,,1
1749211200,,,,,1
0,,,,,1
1072457318,,,,,
1072457465,,,,,1
0,,,,,1
176,,,,,
2968681395,,,,,
2126180610,,,,,1
0,,,,,1
1072459268,,,,,
1072460275,,,,,0
0,,,,,1
0,,,,,1
1867795378,,,,,
2017603837,,,,,1
1749231000,,,,,1
0,,,,,1
1072457339,,,,,
1072458702,,,,,1
0,,,,,1
209,,,,,924
1636897936,,,,,
1895283168,,,,,1
0,,,,,1
1072460401,,,,,
1072461701,,,,,0
0,,,,,1
0,,,,,0
1691873517,,,,,
3295786104,,,,,1
1749250800,,,,,1
0,,,,,0
1072460464,,,,,
1072458660,,,,,1
0,,,,,1
112,,,,,8873
1664385727,,,,,
3282042209,,,,,1
0,,,,,1
1072463085,,,,,
1072462938,,,,,0
0,,,,,0
0,,,,,1
3771324883,,,,,
2100067209,,,,,1
1749443400,,,,,1
0,,,,,1
1072464322,,,,,
1072465182,,,,,1
0,,,,,1
139,,,,,
2222387878,,,,,
4070941802,,,,,1
0,,,,,1
1072465518,,,,,
1072466482,,,,,0
0,,,,,1
0,,,,,1
1869169767,,,,,
292744971,,,,,1
1749463200,,,,,1
0,,,,,1
1072465832,,,,,
1072466650,,,,,1
0,,,,,1
180,,,,,
4125917383,,,,,
4248238052,,,,,1
0,,,,,1
1072468076,,,,,
1072468265,,,,,0
0,,,,,3294
0,,,,,1
904348314,,,,,
4220750261,,,,,1
1749483000,,,,,1
0,,,,,0
1072463672,,,,,
1072464721,,,,,1
0,,,,,1
172,,,,,
1393630988,,,,,
3486826250,,,,,1
0,,,,,1
1072467468,,,,,
1072467489,,,,,0
0,,,,,1
0,,,,,0
48103634,,,,,
3514314040,,,,,1
1749502800,,,,,1
0,,,,,1
1072467426,,,,,
1072467531,,,,,1
0,,,,,1
220,,,,,
2385940232,,,,,
3378249476,,,,,1
0,,,,,1
1072466566,,,,,
1072467384,,,,,0
0,,,,,1
0,,,,,1
3269672703,,,,,
1434862674,,,,,1
1749522600,,,,,1
0,,,,,1
1072468055,,,,,
1072469146,,,,,1
0,,,,,0
154,,,,,
1910401453,,,,,
2168786686,,,,,1
0,,,,,1
1072469607,,,,,
1072471788,,,,,0
0,,,,,1
0,,,,,1
4180892965,,,,,
2835365610,,,,,1
1749542400,,,,,1
0,,,,,1
1072466797,,,,,
1072467279,,,,,1
0,,,,,1
135,,,,,
373833953,,,,,
279001076,,,,,1
0,,,,,1
1072466671,,,,,
1072468831,,,,,0
0,,,,,0
0,,,,,1
1312542006,,,,,
2060209913,,,,,1
1749562200,,,,,1
0,,,,,1
1072467175,,,,,
1072467237,,,,,1
0,,,,,1
163,,,,,
2508260901,,,,,
4112173488,,,,,1
0,,,,,1
1072468852,,,,,
1072469125,,,,,0
0,,,,,1
0,,,,,1
3976108924,,,,,
2277363459,,,,,1
1749582000,,,,,1
0,,,,,1
1072465853,,,,,
1072467279,,,,,0
0,,,,,1
257,,,,,
3486826250,,,,,
1652016221,,,,,1
0,,,,,1
1072468286,,,,,
1072468265,,,,,0
0,,,,,1
0,,,,,0
3228441017,,,,,
279001076,,,,,1
1749601800,,,,,1
0,,,,,1
1072464868,,,,,
1072466692,,,,,1
0,,,,,1
185,,,,,
1529695552,,,,,
3622890814,,,,,1
0,,,,,1
1072463777,,,,,
1072465371,,,,,0
0,,,,,1
0,,,,,1
2670438866,,,,,
346346163,,,,,1
1749621600,,,,,1
0,,,,,0
1072462708,,,,,
1072464532,,,,,1
0,,,,,0
210,,,,,
1841681977,,,,,
1243822529,,,,,1
0,,,,,1
1072463819,,,,,
1072465035,,,,,0
0,,,,,0
0,,,,,0
4043454011,,,,,
2956311889,,,,,1
1749641400,,,,,1
0,,,,,1
1072463484,,,,,
1072465434,,,,,0
0,,,,,1
160,,,,,
863116628,,,,,
863116628,,,,,1
0,,,,,1
1072462498,,,,,
1072464176,,,,,0
0,,,,,1
0,,,,,1
2820247325,,,,,
1855425872,,,,,1
1749661200,,,,,1
0,,,,,1
1072463945,,,,,
1072464469,,,,,1
0,,,,,0
215,,,,,
3431850668,,,,,
3445594564,,,,,1
0,,,,,1
1072464910,,,,,
1072465035,,,,,0
0,,,,,1
0,,,,,1
3254554418,,,,,
3254554418,,,,,1
1749681000,,,,,1
0,,,,,0
1072458597,,,,,
1072459855,,,,,1
0,,,,,1
109,,,,,
3716349302,,,,,
1636897936,,,,,1
0,,,,,1
1072460568,,,,,
1072461198,,,,,0
0,,,,,1
0,,,,,1
672076482,,,,,
2520630407,,,,,1
1749700800,,,,,1
0,,,,,1
1072454885,,,,,
1072456605,,,,,0
0,,,,,1
248,,,,,
1092639680,,,,,
155306017,,,,,1
0,,,,,1
1072456647,,,,,
1072456836,,,,,0
0,,,,,1
0,,,,,0
2451910930,,,,,
739421570,,,,,1
1749720600,,,,,1
0,,,,,0
1072454822,,,,,
1072455913,,,,,1
0,,,,,1
156,,,,,
1785332006,,,,,
3077258168,,,,,1
0,,,,,1
1072456018,,,,,
1072458786,,,,,0
0,,,,,0
0,,,,,1
875486134,,,,,
2493142616,,,,,1
1749740400,,,,,1
0,,,,,1
1072457297,,,,,
1072459834,,,,,1
0,,,,,1
239,,,,,
3933502848,,,,,
997806802,,,,,1
0,,,,,1
1072458408,,,,,
1072458912,,,,,0
0,,,,,1
0,,,,,1
3580284738,,,,,
155306017,,,,,1
1749760200,,,,,1
0,,,,,1
1072457507,,,,,
1072457884,,,,,1
0,,,,,1
219,,,,,
1609410145,,,,,
3457964069,,,,,1
0,,,,,1
1072458954,,,,,
1072459583,,,,,0
0,,,,,1
0,,,,,1
32985349,,,,,
2860104622,,,,,1
1749780000,,,,,1
0,,,,,299
1072457276,,,,,
1072456940,,,,,1
0,,,,,1
104,,,,,0
1076147006,,,,,
3727344418,,,,,1
0,,,,,1
1072449600,,,,,
1072449978,,,,,0
0,,,,,1
0,,,,,1
4135538110,,,,,
2545369418,,,,,1
1749799800,,,,,1
0,,,,,1
1072447461,,,,,
1072448007,,,,,1
0,,,,,1
198,,,,,0
2612714506,,,,,
2395560959,,,,,1
0,,,,,1
1072447419,,,,,
1072450586,,,,,0
0,,,,,1
0,,,,,1
1797701511,,,,,
2667690087,,,,,1
1749819600,,,,,1
0,,,,,1
1072444903,,,,,
1072445909,,,,,7190
0,,,,,67654
194,,,,,
3224317848,,,,,
302365698,,,,,1
0,,,,,1
1072445322,,,,,
1072448048,,,,,0
0,,,,,1
0,,,,,7190
4013217441,,,,,
3429101889,,,,,1
1749839400,,,,,1
0,,,,,1
1072449768,,,,,
1072450586,,,,,0
0,,,,,1
240,,,,,
4257858779,,,,,
2300728081,,,,,1
0,,,,,1
1072446266,,,,,
1072446916,,,,,0
0,,,,,1
0,,,,,0
764160581,,,,,
3591279854,,,,,1
1750032000,,,,,1
0,,,,,1
1072441757,,,,,
1072443519,,,,,1
0,,,,,1
425,,,,,
1823814913,,,,,
1470596802,,,,,1
0,,,,,1
1072446056,,,,,
1072446643,,,,,0
0,,,,,1
0,,,,,1
2204520814,,,,,
138813343,,,,,1
1750051800,,,,,1
0,,,,,0
1072441862,,,,,
1072441967,,,,,1
0,,,,,1
265,,,,,0
3794689505,,,,,
2340585378,,,,,1
0,,,,,1
1072446853,,,,,
1072447524,,,,,0
0,,,,,0
0,,,,,1
1811445407,,,,,
2328215872,,,,,1
1750071600,,,,,1
0,,,,,0
1072448447,,,,,
1072449663,,,,,1
0,,,,,1
298,,,,,
2314471976,,,,,
1716612529,,,,,1
0,,,,,1
1072451677,,,,,
1072452453,,,,,0
0,,,,,1
0,,,,,0
1499458982,,,,,
398572965,,,,,1
1750091400,,,,,1
0,,,,,0
1072454927,,,,,
1072455493,,,,,1
0,,,,,1
3392,,,,,0
915343430,,,,,
4231745377,,,,,1
0,,,,,1
1072456710,,,,,
1072457003,,,,,0
0,,,,,1
0,,,,,1
2777641250,,,,,
820510552,,,,,1
1750111200,,,,,1
0,,,,,2623
1072452977,,,,,
1072453166,,,,,1
0,,,,,1
677,,,,,0
2178407413,,,,,
1213585959,,,,,1
0,,,,,1
1072452327,,,,,
1072452515,,,,,0
0,,,,,1
0,,,,,1
343597384,,,,,
2436792645,,,,,1
1750131000,,,,,1
0,,,,,1
1072449412,,,,,
1072450418,,,,,1
0,,,,,1
2192,,,,,
996432413,,,,,
2763897354,,,,,1
0,,,,,1
1072455032,,,,,
1072455619,,,,,0
0,,,,,0
0,,,,,1
467292442,,,,,
2927449709,,,,,1
1750150800,,,,,1
0,,,,,1
1072456458,,,,,
1072457570,,,,,1
0,,,,,30
2245,,,,,
1445857791,,,,,
1214960349,,,,,1
0,,,,,1
1072454508,,,,,
1072454696,,,,,0
0,,,,,1
0,,,,,1
1921396570,,,,,
3539053052,,,,,1
1750170600,,,,,1
0,,,,,1
1072454193,,,,,
1072454235,,,,,1
0,,,,,1
2569,,,,,
820510552,,,,,
3185834941,,,,,1
0,,,,,1
1072451005,,,,,
1072451635,,,,,0
0,,,,,1
0,,,,,1
874111744,,,,,
31610959,,,,,1
1750190400,,,,,1
0,,,,,1
1072446245,,,,,
1072446937,,,,,1
0,,,,,1
2582,,,,,
2259496395,,,,,
3510190872,,,,,1
0,,,,,1
1072450796,,,,,
1072454445,,,,,0
0,,,,,1
0,,,,,1
1513202878,,,,,
289996192,,,,,1
1750210200,,,,,1
0,,,,,1
1072452725,,,,,
1072453375,,,,,1
0,,,,,0
2945,,,,,
806766657,,,,,
1799075901,,,,,1
0,,,,,1
1072455493,,,,,
1072456416,,,,,0
0,,,,,0
0,,,,,1
698189884,,,,,
1826563692,,,,,1
1750230000,,,,,1
0,,,,,1
1072456794,,,,,
1072458807,,,,,1
0,,,,,0
1889,,,,,97
1854051482,,,,,
1650641831,,,,,1
0,,,,,1
1072458744,,,,,
1072459059,,,,,0
0,,,,,1
0,,,,,1
753165465,,,,,
3594028633,,,,,1
1750249800,,,,,1
0,,,,,1
1072457947,,,,,
1072458031,,,,,1
0,,,,,0
1591,,,,,
2682808372,,,,,
1487089477,,,,,1
0,,,,,1
1072456039,,,,,
1072458429,,,,,0
0,,,,,1
0,,,,,0
3907389447,,,,,
3500570145,,,,,1
1750269600,,,,,1
0,,,,,1
1072465266,,,,,
1072466587,,,,,0
0,,,,,1
1935,,,,,
2575605988,,,,,
740795959,,,,,1
0,,,,,1
1072465413,,,,,
1072466315,,,,,0
0,,,,,1
0,,,,,1
1855425872,,,,,
1991490436,,,,,1
1750289400,,,,,1
0,,,,,1
1072460778,,,,,
1072462477,,,,,1
0,,,,,1
635,,,,,0
6871948,,,,,
2956311889,,,,,1
0,,,,,1
1072464490,,,,,
1072465350,,,,,0
0,,,,,1
0,,,,,0
4110799098,,,,,
835628837,,,,,1
1750309200,,,,,1
0,,,,,1
1072458660,,,,,
1072460254,,,,,1
0,,,,,1
2040,,,,,
1786706395,,,,,
2412053633,,,,,1
0,,,,,1
1072458576,,,,,
1072458744,,,,,0
0,,,,,1
0,,,,,1
494780232,,,,,
1120127471,,,,,1
1750329000,,,,,1
0,,,,,0
1072455787,,,,,
1072457632,,,,,1
0,,,,,1
2170,,,,,
2655320581,,,,,
2166037907,,,,,1
0,,,,,1
1072454403,,,,,
1072455493,,,,,0
0,,,,,7861
0,,,,,1
2655320581,,,,,
942831221,,,,,1
1750348800,,,,,1
0,,,,,3
1072453962,,,,,
1072454843,,,,,1
0,,,,,1
2957,,,,,
1418370000,,,,,
439804651,,,,,1
0,,,,,1
1072454717,,,,,
1072454780,,,,,0
0,,,,,0
0,,,,,1
739421570,,,,,
1609410145,,,,,1
1750368600,,,,,1
0,,,,,1
1072457045,,,,,
1072457591,,,,,1
0,,,,,1
682,,,,,
725677674,,,,,
2260870785,,,,,1
0,,,,,1
1072455221,,,,,
1072458849,,,,,0
0,,,,,0
0,,,,,97
263882791,,,,,
155306017,,,,,1
1750388400,,,,,1
0,,,,,1
1072457989,,,,,
1072458408,,,,,772255
0,,,,,1
2306,,,,,
100330436,,,,,
1228704244,,,,,1
0,,,,,1
1072458891,,,,,
1072460086,,,,,0
0,,,,,1
0,,,,,1
169049913,,,,,
672076482,,,,,1
1750408200,,,,,1
0,,,,,1
1072458744,,,,,
1072459059,,,,,1
0,,,,,1
1980,,,,,
4191888081,,,,,
169049913,,,,,1
0,,,,,1
1072459289,,,,,
1072460883,,,,,0
0,,,,,0
0,,,,,1
658332587,,,,,
4110799098,,,,,1
1750428000,,,,,1
0,,,,,0
1072459520,,,,,
1072460778,,,,,1
0,,,,,1
3194,,,,,
2792759535,,,,,
957949506,,,,,1
0,,,,,1
1072457947,,,,,
1072458136,,,,,0
0,,,,,0
0,,,,,1
453548546,,,,,
589613110,,,,,1
1750447800,,,,,1
0,,,,,1
1072454759,,,,,
1072454864,,,,,1
0,,,,,1
1867,,,,,
793022762,,,,,
3375500697,,,,,1
0,,,,,1
1072454151,,,,,
1072455074,,,,,0
0,,,,,0
0,,,,,1
452174157,,,,,
3551422558,,,,,1
1750640400,,,,,1
0,,,,,1
1072450481,,,,,
1072452180,,,,,1
0,,,,,1
1457,,,,,
2341959767,,,,,
1254817645,,,,,1
0,,,,,1
1072449579,,,,,
1072451383,,,,,0
0,,,,,0
0,,,,,0
1634149157,,,,,
2137175726,,,,,1
1750660200,,,,,1
0,,,,,1
1072444295,,,,,
1072444777,,,,,1
0,,,,,0
1713,,,,,0
2938444825,,,,,
505775349,,,,,1
0,,,,,1
1072448803,,,,,
1072449999,,,,,0
0,,,,,1
0,,,,,0
4271602674,,,,,
3659999331,,,,,1
1750680000,,,,,1
0,,,,,1
1072441212,,,,,
1072441380,,,,,1
0,,,,,1
1955,,,,,0
898850756,,,,,
1891160000,,,,,1
0,,,,,1
1072442197,,,,,
1072443330,,,,,0
0,,,,,6519
0,,,,,0
2082200145,,,,,
574494826,,,,,1
1750699800,,,,,1
0,,,,,0
1072448300,,,,,
1072449391,,,,,686355
0,,,,,1
2836,,,,,
3374126308,,,,,
112699942,,,,,1
0,,,,,1
1072455472,,,,,
1072456164,,,,,0
0,,,,,0
0,,,,,1
3144603255,,,,,
2669064476,,,,,1
1750719600,,,,,1
0,,,,,1
1072455892,,,,,
1072455640,,,,,1
0,,,,,0
134,,,,,0
929087325,,,,,
2506886511,,,,,1
0,,,,,1
1072461974,,,,,
1072462812,,,,,0
0,,,,,0
0,,,,,0
2779015639,,,,,
957949506,,,,,1
1750739400,,,,,1
0,,,,,1
1072460548,,,,,
1072462414,,,,,0
0,,,,,1
1810,,,,,
590987500,,,,,
849372732,,,,,1
0,,,,,1
1072464679,,,,,
1072464658,,,,,0
0,,,,,1
0,,,,,0
2032722122,,,,,
1570927238,,,,,1
1750759200,,,,,1
0,,,,,0
1072463966,,,,,
1072464427,,,,,1
0,,,,,1
2420,,,,,
4084685697,,,,,
700938663,,,,,1
0,,,,,1
1072468475,,,,,
1072468915,,,,,0
0,,,,,0
0,,,,,1
809515436,,,,,
3514314040,,,,,1
1750779000,,,,,1
0,,,,,1
1072462561,,,,,
1072462896,,,,,1
0,,,,,1
3673,,,,,0
3581659127,,,,,
3459338459,,,,,1
0,,,,,1
1072464385,,,,,
1072465602,,,,,0
0,,,,,1
0,,,,,1
1148989651,,,,,
2399684128,,,,,1
1750798800,,,,,1
0,,,,,1
1072467154,,,,,
1072467909,,,,,1
0,,,,,1
1204,,,,,
1094014070,,,,,
3309530000,,,,,1
0,,,,,1
1072462687,,,,,
1072462896,,,,,0
0,,,,,1
0,,,,,1
2330964651,,,,,
3812556569,,,,,1
1750818600,,,,,1
0,,,,,0
1072464469,,,,,
1072464658,,,,,1
0,,,,,1
1828,,,,,
1964002645,,,,,
1176477442,,,,,1
0,,,,,1
1072468559,,,,,
1072468957,,,,,0
0,,,,,1
0,,,,,1
1407374884,,,,,
1298798110,,,,,1
1750838400,,,,,1
0,,,,,1
1072465958,,,,,
1072466902,,,,,0
0,,,,,1
2142,,,,,
292744971,,,,,
197912093,,,,,1
0,,,,,1
1072465602,,,,,
1072466168,,,,,0
0,,,,,0
0,,,,,1
2127555000,,,,,
48103634,,,,,1
1750858200,,,,,1
0,,,,,1
1072466357,,,,,
1072466755,,,,,1
0,,,,,0
1676,,,,,
2616837674,,,,,
904348314,,,,,1
0,,,,,1
1072464385,,,,,
1072466881,,,,,0
0,,,,,1
0,,,,,1
75591424,,,,,
4003596715,,,,,1
1750878000,,,,,1
0,,,,,0
1072467636,,,,,
1072469293,,,,,0
0,,,,,1
2253,,,,,1
1557183343,,,,,
2060209913,,,,,1
0,,,,,1
1072470299,,,,,
1072470467,,,,,0
0,,,,,1
0,,,,,0
2087697703,,,,,
103079215,,,,,1
1750897800,,,,,1
0,,,,,0
1072467049,,,,,
1072469209,,,,,0
0,,,,,1
1224,,,,,0
1720735697,,,,,
3813930959,,,,,1
0,,,,,1
1072470803,,,,,
1072470845,,,,,0
0,,,,,1
0,,,,,1
3338392180,,,,,
2142673285,,,,,1
1750917600,,,,,1
0,,,,,1
1072472732,,,,,
1072474137,,,,,0
0,,,,,1
1256,,,,,0
1367517587,,,,,
1884288052,,,,,1
0,,,,,1
1072472606,,,,,
1072473927,,,,,0
0,,,,,0
0,,,,,1
3610521308,,,,,
3026405755,,,,,1
1750937400,,,,,1
0,,,,,1
1072470635,,,,,
1072471600,,,,,1
0,,,,,1
1686,,,,,
1489838256,,,,,
1122876250,,,,,1
0,,,,,1
1072470446,,,,,
1072472501,,,,,0
0,,,,,1
0,,,,,1
4031084505,,,,,
1095388459,,,,,1
1750957200,,,,,1
0,,,,,1
1072467762,,,,,
1072468223,,,,,0
0,,,,,0
2202,,,,,
3269672703,,,,,
2549492587,,,,,1
0,,,,,1
1072469377,,,,,
1072470509,,,,,0
0,,,,,1
0,,,,,0
1340029796,,,,,
4289469738,,,,,1
1750977000,,,,,1
0,,,,,1
1072468118,,,,,
1072468559,,,,,0
0,,,,,0
272,,,,,
4234494156,,,,,
1434862674,,,,,1
0,,,,,1
1072468265,,,,,
1072469272,,,,,0
0,,,,,0
0,,,,,1
728426453,,,,,
2346082936,,,,,1
1750996800,,,,,1
0,,,,,0
1072468810,,,,,
1072471117,,,,,1
0,,,,,1
1396,,,,,
4289469738,,,,,
375208343,,,,,1
0,,,,,1
1072468622,,,,,
1072469167,,,,,0
0,,,,,1
0,,,,,1
4248238052,,,,,
1937889244,,,,,1
1751016600,,,,,1
0,,,,,1
1072468873,,,,,
1072469712,,,,,0
0,,,,,1
1698,,,,,
2073953808,,,,,
850747122,,,,,1
0,,,,,1
1072468789,,,,,
1072468915,,,,,0
0,,,,,0
0,,,,,1
1162733546,,,,,
2766646133,,,,,1
1751036400,,,,,1
0,,,,,1
1072466063,,,,,
1072468412,,,,,1
0,,,,,0
2854,,,,,
971693401,,,,,
2480773110,,,,,1
0,,,,,1
1072466860,,,,,
1072468643,,,,,0
0,,,,,0
0,,,,,0
3541801831,,,,,
1720735697,,,,,1
1751056200,,,,,1
0,,,,,1
1072471180,,,,,
1072471348,,,,,1
0,,,,,0
1820,,,,,0
361464448,,,,,
2699301046,,,,,1
0,,,,,1
1072469418,,,,,
1072471012,,,,,0
0,,,,,39
0,,,,,0
511272907,,,,,
3474456744,,,,,1
1751248800,,,,,1
0,,,,,1
1072470048,,,,,
1072470131,,,,,0
0,,,,,0
2162,,,,,
1231453023,,,,,
3596777412,,,,,1
0,,,,,1
1072469209,,,,,
1072469733,,,,,0
0,,,,,1
0,,,,,0
850747122,,,,,
633593576,,,,,1
1751268600,,,,,1
0,,,,,1
1072471662,,,,,
1072472921,,,,,1
0,,,,,1
1997,,,,,
1217709128,,,,,
1109132355,,,,,1
0,,,,,1
1072469502,,,,,
1072470614,,,,,0
0,,,,,0
0,,,,,0
2576980378,,,,,
1720735697,,,,,1
1751288400,,,,,1
0,,,,,1
1072467175,,,,,
1072468328,,,,,99866
0,,,,,3
1191,,,,,
2888966802,,,,,
1788080785,,,,,1
0,,,,,1
1072470173,,,,,
1072472040,,,,,0
0,,,,,0
0,,,,,1
2346082936,,,,,
1870544157,,,,,1
1751308200,,,,,1
0,,,,,1
1072472858,,,,,
1072473256,,,,,1
0,,,,,1
1594,,,,,0
2781764418,,,,,
3774073662,,,,,1
0,,,,,1
1072475605,,,,,
1072476234,,,,,0
0,,,,,1
0,,,,,1
90709709,,,,,
90709709,,,,,1
1751328000,,,,,1
0,,,,,1
1072470886,,,,,
1072472669,,,,,0
0,,,,,0
457,,,,,
416440029,,,,,
3121238633,,,,,1
0,,,,,1
1072472543,,,,,
1072473005,,,,,0
0,,,,,1
0,,,,,1
3528057936,,,,,
1706991802,,,,,1
1751347800,,,,,1
0,,,,,39
1072470027,,,,,
1072470845,,,,,1
0,,,,,1
1288,,,,,
3188583721,,,,,
1245196918,,,,,1
0,,,,,1
1072473068,,,,,
1072473193,,,,,0
0,,,,,1
0,,,,,1
4004971104,,,,,
3638009098,,,,,1
1751367600,,,,,1
0,,,,,1
1072473655,,,,,
1072474305,,,,,1
0,,,,,0
1922,,,,,
416440029,,,,,
4004971104,,,,,1
0,,,,,1
1072474431,,,,,
1072475102,,,,,0
0,,,,,1
0,,,,,1
1300172500,,,,,
4018715000,,,,,1
1751387400,,,,,1
0,,,,,1
1072472879,,,,,
1072476255,,,,,0
0,,,,,0
3197,,,,,
1586045523,,,,,
1491212645,,,,,1
0,,,,,1
1072477220,,,,,
1072477975,,,,,0
0,,,,,0
0,,,,,0
1980495320,,,,,
4073690581,,,,,1
1751407200,,,,,1
0,,,,,1
1072477430,,,,,
1072477786,,,,,1
0,,,,,0
840,,,,,0
4154779563,,,,,
3312278779,,,,,1
0,,,,,1
1072478709,,,,,
1072479359,,,,,0
0,,,,,1
0,,,,,1
4073690581,,,,,
2238880552,,,,,1
1751427000,,,,,1
0,,,,,1
1072477367,,,,,
1072477954,,,,,0
0,,,,,1
1691,,,,,
226774273,,,,,
4046202790,,,,,1
0,,,,,1
1072478625,,,,,
1072479695,,,,,0
0,,,,,1
0,,,,,1
1749597878,,,,,
3353510465,,,,,1
1751446800,,,,,1
0,,,,,424
1072476863,,,,,
1072476842,,,,,1
0,,,,,1
1717,,,,,
1531069942,,,,,
2659443750,,,,,1
0,,,,,1
1072474787,,,,,
1072475437,,,,,0
0,,,,,0
0,,,,,1
2278737849,,,,,
2659443750,,,,,1
1751466600,,,,,1
0,,,,,1
1072470257,,,,,
1072472438,,,,,0
0,,,,,1
3314,,,,,
470041221,,,,,
2699301046,,,,,1
0,,,,,1
1072472417,,,,,
1072474997,,,,,0
0,,,,,1
0,,,,,1
1517326046,,,,,
3855162645,,,,,1
1751486400,,,,,1
0,,,,,0
1072470719,,,,,
1072470866,,,,,1
0,,,,,1
1635,,,,,
280375465,,,,,
2128929389,,,,,1
0,,,,,1
1072471935,,,,,
1072472732,,,,,0
0,,,,,0
0,,,,,1
1489838256,,,,,
1517326046,,,,,1
1751506200,,,,,1
0,,,,,1
1072471893,,,,,
1072472124,,,,,0
0,,,,,1
1662,,,,,0
714682558,,,,,
116823110,,,,,1
0,,,,,1
1072469167,,,,,
1072469167,,,,,0
0,,,,,1
0,,,,,0
1570927238,,,,,
837003227,,,,,1
1751526000,,,,,1
0,,,,,1
1072468307,,,,,
1072469397,,,,,1
0,,,,,0
1137,,,,,12
1203965232,,,,,
4289469738,,,,,1
0,,,,,1
1072471830,,,,,
1072471851,,,,,0
0,,,,,0
0,,,,,1
3433225058,,,,,
3691610290,,,,,1
1751545800,,,,,1
0,,,,,0
1072469775,,,,,
1072470362,,,,,1
0,,,,,1
1058,,,,,
3650378604,,,,,
837003227,,,,,1
0,,,,,1
1072465245,,,,,
1072467321,,,,,0
0,,,,,1
0,,,,,1
4220750261,,,,,
3255928808,,,,,1
1751565600,,,,,1
0,,,,,1
1072464658,,,,,
1072465119,,,,,1
0,,,,,0
1602,,,,,
3323273895,,,,,
142936512,,,,,1
0,,,,,1
1072464658,,,,,
1072464889,,,,,0
0,,,,,0
0,,,,,1
1774336889,,,,,
564874099,,,,,1
1751585400,,,,,1
0,,,,,1
1072465518,,,,,
1072465853,,,,,1
0,,,,,1
412,,,,,0
1176477442,,,,,
3758955377,,,,,1
0,,,,,1
1072468013,,,,,
1072468538,,,,,0
0,,,,,1
0,,,,,1
415065639,,,,,
2888966802,,,,,1
1751605200,,,,,1
0,,,,,0
1072466168,,,,,
1072466357,,,,,0
0,,,,,1
835,,,,,
1502207761,,,,,
1012925087,,,,,1
0,,,,,1
1072467300,,,,,
1072467489,,,,,0
0,,,,,1
0,,,,,1
890604418,,,,,
4220750261,,,,,1
1751625000,,,,,1
0,,,,,1
1072464406,,,,,
1072465245,,,,,1
0,,,,,0
1474,,,,,
1488463866,,,,,
632219186,,,,,1
0,,,,,1
1072465098,,,,,
1072465832,,,,,0
0,,,,,0
0,,,,,1
2208643982,,,,,
20615843,,,,,1
1751644800,,,,,1
0,,,,,1
1072464322,,,,,
1072464952,,,,,0
0,,,,,1
1799,,,,,
2344708546,,,,,
3948621133,,,,,1
0,,,,,1
1072464826,,,,,
1072465329,,,,,0
0,,,,,0
0,,,,,1
3106120348,,,,,
2372196337,,,,,1
1751664600,,,,,1
0,,,,,1
1072463714,,,,,
1072464721,,,,,108
0,,,,,1
9091,,,,,
2656694971,,,,,
251513285,,,,,1
0,,,,,1
1072464113,,,,,
1072466021,,,,,0
0,,,,,1
0,,,,,0
1991490436,,,,,
2236131773,,,,,1
1751857200,,,,,1
0,,,,,0
1072461030,,,,,
1072462183,,,,,1
0,,,,,0
2017,,,,,0
1514577267,,,,,
2384565843,,,,,1
0,,,,,1
1072458157,,,,,
1072458786,,,,,0
0,,,,,1
0,,,,,1
2791385145,,,,,
2927449709,,,,,1
1751877000,,,,,1
0,,,,,772255
1072455808,,,,,
1072456898,,,,,0
0,,,,,1
2107,,,,,0
1990116046,,,,,
3240810523,,,,,1
0,,,,,1
1072458387,,,,,
1072458681,,,,,0
0,,,,,1
0,,,,,0
1731730814,,,,,
1609410145,,,,,1
1751896800,,,,,1
0,,,,,1
1072457192,,,,,
1072457213,,,,,1
0,,,,,97
1384,,,,,
3647629825,,,,,
1948884360,,,,,1
0,,,,,1
1072458576,,,,,
1072460296,,,,,0
0,,,,,1
0,,,,,1
3349387296,,,,,
2017603837,,,,,1
1751916600,,,,,1
0,,,,,0
1072456668,,,,,
1072457612,,,,,1
0,,,,,1
2325,,,,,
970319012,,,,,
1364768808,,,,,1
0,,,,,1
1072458471,,,,,
1072458786,,,,,0
0,,,,,1
0,,,,,1
4042079622,,,,,
494780232,,,,,1
1751936400,,,,,1
0,,,,,1
1072458010,,,,,
1072459121,,,,,1
0,,,,,1
1176,,,,,0
1283679825,,,,,
318858372,,,,,1
0,,,,,1
1072460883,,,,,
1072461953,,,,,0
0,,,,,1
0,,,,,0
2153668401,,,,,
2289732965,,,,,1
1751956200,,,,,1
0,,,,,2958
1072459793,,,,,
1072459960,,,,,1
0,,,,,1
2125,,,,,0
1012925087,,,,,
2535748692,,,,,1
0,,,,,1
1072466168,,,,,
1072467237,,,,,0
0,,,,,1
0,,,,,1
1910401453,,,,,
2535748692,,,,,1
1751976000,,,,,1
0,,,,,1
1072467531,,,,,
1072467720,,,,,1
0,,,,,1
1496,,,,,0
578617994,,,,,
3908763837,,,,,1
0,,,,,1
1072468475,,,,,
1072469922,,,,,0
0,,,,,1
0,,,,,1
2385940232,,,,,
2752902238,,,,,1
1751995800,,,,,1
0,,,,,1
1072465874,,,,,
1072467825,,,,,0
0,,,,,1
2062,,,,,
415065639,,,,,
197912093,,,,,1
0,,,,,1
1072470152,,,,,
1072470236,,,,,0
0,,,,,1
0,,,,,1
1679504011,,,,,
3528057936,,,,,1
1752015600,,,,,1
0,,,,,1
1072466378,,,,,
1072464658,,,,,1
0,,,,,1
95,,,,,
2956311889,,,,,
2263619564,,,,,1
0,,,,,1
1072466692,,,,,
1072466944,,,,,0
0,,,,,0
0,,,,,0
2888966802,,,,,
2046466017,,,,,1
1752035400,,,,,1
0,,,,,0
1072468181,,,,,
1072468978,,,,,0
0,,,,,1
1787,,,,,0
4084685697,,,,,
2413428023,,,,,1
0,,,,,1
1072470886,,,,,
1072472543,,,,,0
0,,,,,1
0,,,,,1
197912093,,,,,
633593576,,,,,1
1752055200,,,,,1
0,,,,,1
1072467992,,,,,
1072469062,,,,,1
0,,,,,1
1921,,,,,0
3908763837,,,,,
8246337,,,,,1
0,,,,,1
1072470131,,,,,
1072470278,,,,,0
0,,,,,1
0,,,,,1
2182530581,,,,,
2332339040,,,,,1
1752075000,,,,,1
0,,,,,0
1072470593,,,,,
1072472606,,,,,1
0,,,,,1
3172,,,,,
1000555581,,,,,
1503582151,,,,,1
0,,,,,1
1072471306,,,,,
1072473319,,,,,0
0,,,,,1
0,,,,,0
3488200639,,,,,
2142673285,,,,,1
1752094800,,,,,1
0,,,,,1
1072472837,,,,,
1072473382,,,,,1
0,,,,,1
963,,,,,
4086060087,,,,,
2740532732,,,,,1
0,,,,,1
1072469964,,,,,
1072470698,,,,,0
0,,,,,1
0,,,,,1
2971430174,,,,,
1258940814,,,,,1
1752114600,,,,,1
0,,,,,0
1072471096,,,,,
1072472837,,,,,1
0,,,,,1
2107,,,,,
891978808,,,,,
661081366,,,,,1
0,,,,,1
1072474913,,,,,
1072475102,,,,,0
0,,,,,1
0,,,,,1
2985174069,,,,,
4235868546,,,,,1
1752134400,,,,,1
0,,,,,1
1072473550,,,,,
1072475123,,,,,0
0,,,,,1
1613,,,,,
2170161075,,,,,
457671715,,,,,1
0,,,,,1
1072475458,,,,,
1072476423,,,,,0
0,,,,,1
0,,,,,1
988186075,,,,,
3339766569,,,,,1
1752154200,,,,,1
0,,,,,130
1072476968,,,,,
1072477304,,,,,1
0,,,,,1
1796,,,,,
457671715,,,,,
362838837,,,,,1
0,,,,,1
1072475899,,,,,
1072478227,,,,,0
0,,,,,0
0,,,,,1
1885662442,,,,,
1804573459,,,,,1
1752174000,,,,,1
0,,,,,1
1072480974,,,,,
1072481959,,,,,1
0,,,,,0
1344,,,,,39751
2171535465,,,,,
3177588604,,,,,1
0,,,,,1
1072484078,,,,,
1072484539,,,,,0
0,,,,,1
0,,,,,0
717431337,,,,,
3041524040,,,,,1
1752193800,,,,,1
0,,,,,1
1072480764,,,,,
1072483553,,,,,1
0,,,,,0
354,,,,,
3680615174,,,,,
744919128,,,,,1
0,,,,,1
1072481456,,,,,
1072485839,,,,,0
0,,,,,1
0,,,,,1
4102552761,,,,,
3749334651,,,,,1
1752213600,,,,,1
0,,,,,1
1072486447,,,,,
1072486636,,,,,1
0,,,,,1
1510,,,,,0
391701017,,,,,
3844167529,,,,,1
0,,,,,1
1072486846,,,,,
1072487748,,,,,0
0,,,,,0
0,,,,,1
2757025407,,,,,
1778460058,,,,,1
1752233400,,,,,1
0,,,,,1
1072484245,,,,,
1072484602,,,,,0
0,,,,,1
1164,,,,,0
3368628750,,,,,
4116296656,,,,,1
0,,,,,1
1072485629,,,,,
1072486070,,,,,0
0,,,,,1
0,,,,,15
405444913,,,,,
1520074825,,,,,1
1752253200,,,,,1
0,,,,,0
1072482798,,,,,
1072484140,,,,,1
0,,,,,1
1977,,,,,0
3041524040,,,,,
3055267936,,,,,1
0,,,,,1
1072483931,,,,,
1072484036,,,,,0
0,,,,,1
0,,,,,0
2565985261,,,,,
2321343924,,,,,1
1752273000,,,,,1
0,,,,,15
1072482232,,,,,
1072483050,,,,,1
0,,,,,1
254,,,,,
3000292354,,,,,
689943546,,,,,1
0,,,,,1
1072482274,,,,,
1072483134,,,,,0
0,,,,,0
0,,,,,390573
391701017,,,,,
2865602180,,,,,1
1752465600,,,,,1
0,,,,,0
1072479401,,,,,
1072481100,,,,,0
0,,,,,0
1419,,,,,
3258677587,,,,,
4128666162,,,,,1
0,,,,,1
1072481456,,,,,
1072481792,,,,,0
0,,,,,1
0,,,,,1
3992601598,,,,,
1423867558,,,,,1
1752485400,,,,,1
0,,,,,1
1072478415,,,,,
1072480093,,,,,0
0,,,,,1
1568,,,,,
2877971686,,,,,
2877971686,,,,,1
0,,,,,1
1072480261,,,,,
1072480806,,,,,0
0,,,,,0
0,,,,,1
1151738430,,,,,
3244933691,,,,,1
1752505200,,,,,1
0,,,,,0
1072477807,,,,,
1072478604,,,,,0
0,,,,,0
2260,,,,,
2972804564,,,,,
1994239215,,,,,1
0,,,,,1
1072477933,,,,,
1072478667,,,,,0
0,,,,,1
0,,,,,1
4277100232,,,,,
1001929971,,,,,1
1752525000,,,,,1
0,,,,,0
1072477136,,,,,
1072477325,,,,,1
0,,,,,1
850,,,,,0
3176214215,,,,,
974442180,,,,,1
0,,,,,1
1072476863,,,,,
1072477262,,,,,0
0,,,,,0
0,,,,,1
2700675436,,,,,
1844430756,,,,,1
1752544800,,,,,1
0,,,,,1
1072475836,,,,,
1072476758,,,,,130
0,,,,,0
1189,,,,,0
335351046,,,,,
4141035668,,,,,1
0,,,,,1
1072477199,,,,,
1072477597,,,,,0
0,,,,,1
0,,,,,0
1953007529,,,,,
4168523459,,,,,1
1752564600,,,,,1
0,,,,,4
1072475479,,,,,
1072476675,,,,,1
0,,,,,0
1383,,,,,
865865407,,,,,
1124250639,,,,,1
0,,,,,1
1072480974,,,,,
1072482064,,,,,0
0,,,,,1
0,,,,,1
78340203,,,,,
3653127383,,,,,1
1752584400,,,,,1
0,,,,,1
1072480324,,,,,
1072480680,,,,,1
0,,,,,1
1172,,,,,
4087434476,,,,,
526391192,,,,,1
0,,,,,1
1072480282,,,,,
1072480429,,,,,0
0,,,,,1
0,,,,,1
144310901,,,,,
2849109505,,,,,1
1752604200,,,,,1
0,,,,,1
1072469922,,,,,
1072470111,,,,,0
0,,,,,1
1633,,,,,
225399884,,,,,
1951633139,,,,,1
0,,,,,1
1072470362,,,,,
1072470635,,,,,0
0,,,,,1
0,,,,,1
606105785,,,,,
1965377035,,,,,1
1752624000,,,,,1
0,,,,,0
1072468433,,,,,
1072468643,,,,,1
0,,,,,1
351,,,,,
1951633139,,,,,
252887674,,,,,1
0,,,,,1
1072471914,,,,,
1072474410,,,,,0
0,,,,,1
0,,,,,1
2387314622,,,,,
2387314622,,,,,1
1752643800,,,,,1
0,,,,,1
1072472354,,,,,
1072473172,,,,,1
0,,,,,1
1129,,,,,0
1992864825,,,,,
538760698,,,,,1
0,,,,,1
1072472334,,,,,
1072473424,,,,,0
0,,,,,0
0,,,,,1
1014299477,,,,,
1395005378,,,,,1
1752663600,,,,,1
0,,,,,0
1072471893,,,,,
1072472292,,,,,1
0,,,,,0
1569,,,,,0
2359826831,,,,,
35734128,,,,,1
0,,,,,1
1072472438,,,,,
1072473068,,,,,0
0,,,,,3017885
0,,,,,1
2115185494,,,,,
1517326046,,,,,1
1752683400,,,,,1
0,,,,,1
1072469062,,,,,
1072470803,,,,,1
0,,,,,1
6163,,,,,
89335320,,,,,
1965377035,,,,,1
0,,,,,1
1072469230,,,,,
1072471474,,,,,0
0,,,,,0
0,,,,,1
2318595145,,,,,
2454659709,,,,,1
1752703200,,,,,1
0,,,,,1
1072468768,,,,,
1072468936,,,,,1
0,,,,,1
877,,,,,
3133608139,,,,,
3405737267,,,,,1
0,,,,,1
1072469083,,,,,
1072469230,,,,,0
0,,,,,0
0,,,,,0
2413428023,,,,,
823259331,,,,,1
1752723000,,,,,1
0,,,,,1
1072467028,,,,,
1072467594,,,,,1
0,,,,,1
2218,,,,,0
3091002064,,,,,
2860104622,,,,,1
0,,,,,1
1072461680,,,,,
1072461722,,,,,0
0,,,,,0
0,,,,,1
3785068779,,,,,
727052064,,,,,1
1752742800,,,,,1
0,,,,,1
1072457716,,,,,
1072458346,,,,,0
0,,,,,0
2070,,,,,0
1623154041,,,,,
1909027064,,,,,1
0,,,,,1
1072461114,,,,,
1072461722,,,,,0
0,,,,,0
0,,,,,1
3893645552,,,,,
3159721540,,,,,1
1752762600,,,,,1
0,,,,,1
1072458954,,,,,
1072459163,,,,,1
0,,,,,1
2469,,,,,
2153668401,,,,,
1691873517,,,,,1
0,,,,,1
1072464364,,,,,
1072465035,,,,,0
0,,,,,0
0,,,,,1
415065639,,,,,
4220750261,,,,,1
1752782400,,,,,1
0,,,,,1
1072465014,,,,,
1072465895,,,,,1008
0,,,,,1
1252,,,,,
1393630988,,,,,
2263619564,,,,,1
0,,,,,1
1072466503,,,,,
1072466797,,,,,0
0,,,,,0
0,,,,,0
768283750,,,,,
2032722122,,,,,1
1752802200,,,,,1
0,,,,,1
1072467636,,,,,
1072468034,,,,,1
0,,,,,1
1094,,,,,
700938663,,,,,
1340029796,,,,,1
0,,,,,1
1072469460,,,,,
1072470824,,,,,0
0,,,,,1
0,,,,,1
1720735697,,,,,
3080006947,,,,,1
1752822000,,,,,1
0,,,,,1
1072468517,,,,,
1072468496,,,,,0
0,,,,,0
1254,,,,,
1312542006,,,,,
714682558,,,,,1
0,,,,,1
1072470551,,,,,
1072471327,,,,,0
0,,,,,1
0,,,,,1
891978808,,,,,
783402035,,,,,1
1752841800,,,,,1
0,,,,,1
1072472019,,,,,
1072472187,,,,,1
0,,,,,0
1255,,,,,
2862853401,,,,,
1395005378,,,,,1
0,,,,,1
1072473068,,,,,
1072474347,,,,,0
0,,,,,1
0,,,,,0
2387314622,,,,,
3882650436,,,,,1
1752861600,,,,,1
0,,,,,1
1072472438,,,,,
1072472438,,,,,0
0,,,,,1
1735,,,,,
2196274476,,,,,
1829312471,,,,,1
0,,,,,1
1072469397,,,,,
1072469523,,,,,0
0,,,,,1
0,,,,,1
2794133924,,,,,
3052519157,,,,,1
1752881400,,,,,1
0,,,,,1
1072467552,,,,,
1072467804,,,,,1
0,,,,,1
1770,,,,,
2291107354,,,,,
2427171918,,,,,1
0,,,,,1
1072470090,,,,,
1072470593,,,,,0
0,,,,,1
0,,,,,1
3922507732,,,,,
4044828401,,,,,1
1753074000,,,,,1
0,,,,,1
1072467405,,,,,
1072468517,,,,,1
0,,,,,1
1097,,,,,0
823259331,,,,,
2182530581,,,,,1
0,,,,,1
1072469523,,,,,
1072469901,,,,,0
0,,,,,0
0,,,,,0
1965377035,,,,,
3202327616,,,,,1
1753093800,,,,,1
0,,,,,1
1072469104,,,,,
1072469586,,,,,1
0,,,,,118
1262,,,,,
606105785,,,,,
4167149069,,,,,1
0,,,,,1
1072469733,,,,,
1072470614,,,,,0
0,,,,,1
0,,,,,1
1843056366,,,,,
3446968953,,,,,1
1753113600,,,,,1
0,,,,,0
1072469020,,,,,
1072470257,,,,,1
0,,,,,1
2363,,,,,
973067791,,,,,
1109132355,,,,,1
0,,,,,1
1072470614,,,,,
1072470782,,,,,0
0,,,,,0
0,,,,,1
3297160494,,,,,
2318595145,,,,,1
1753133400,,,,,1
0,,,,,1
1072468433,,,,,
1072468622,,,,,0
0,,,,,1
547,,,,,
3867532151,,,,,
2508260901,,,,,1
0,,,,,1
1072466524,,,,,
1072467888,,,,,0
0,,,,,0
0,,,,,1
1788080785,,,,,
3528057936,,,,,1
1753153200,,,,,1
0,,,,,1
1072466252,,,,,
1072466755,,,,,1
0,,,,,1
1385,,,,,
2508260901,,,,,
3391993372,,,,,1
0,,,,,1
1072467447,,,,,
1072467531,,,,,0
0,,,,,1
0,,,,,0
2875222907,,,,,
428809535,,,,,1
1753173000,,,,,1
0,,,,,0
1072465455,,,,,
1072466336,,,,,0
0,,,,,0
1526,,,,,
1216334738,,,,,
3676492005,,,,,1
0,,,,,1
1072463945,,,,,
1072464910,,,,,0
0,,,,,1
0,,,,,340
2113811104,,,,,
1135245756,,,,,1
1753192800,,,,,1
0,,,,,1
1072464322,,,,,
1072465308,,,,,0
0,,,,,1
1854,,,,,
3514314040,,,,,
1462350465,,,,,1
0,,,,,1
1072467049,,,,,
1072468391,,,,,0
0,,,,,1
0,,,,,1
1298798110,,,,,
4003596715,,,,,1
1753212600,,,,,1
0,,,,,1
1072466399,,,,,
1072466420,,,,,1
0,,,,,1
1452,,,,,
632219186,,,,,
1746849099,,,,,1
0,,,,,1
1072465329,,,,,
1072465644,,,,,0
0,,,,,1
0,,,,,1
387577849,,,,,
1135245756,,,,,1
1753232400,,,,,1
0,,,,,1
1072464721,,,,,
1072464826,,,,,1
0,,,,,1
812,,,,,8026220
3200953226,,,,,
2480773110,,,,,1
0,,,,,1
1072466189,,,,,
1072467447,,,,,0
0,,,,,1
0,,,,,1
2739158343,,,,,
3147352035,,,,,1
1753252200,,,,,1
0,,,,,1
1072467342,,,,,
1072468265,,,,,1
0,,,,,1
1230,,,,,
4139661279,,,,,
1095388459,,,,,1
0,,,,,1
1072469502,,,,,
1072471138,,,,,0
0,,,,,0
0,,,,,0
1231453023,,,,,
1870544157,,,,,1
1753272000,,,,,1
0,,,,,1
1072470970,,,,,
1072472040,,,,,0
0,,,,,1
1450,,,,,
171798692,,,,,
3134982529,,,,,1
0,,,,,1
1072475081,,,,,
1072475437,,,,,0
0,,,,,0
0,,,,,110603
2197648866,,,,,
131941395,,,,,1
1753291800,,,,,1
0,,,,,1
1072476150,,,,,
1072476360,,,,,0
0,,,,,1
3250,,,,,0
2917828982,,,,,
1572301628,,,,,1
0,,,,,1
1072476884,,,,,
1072478185,,,,,0
0,,,,,1
0,,,,,1
3951369912,,,,,
2361201221,,,,,1
1753311600,,,,,1
0,,,,,1
1072478415,,,,,
1072477136,,,,,1
0,,,,,1
65,,,,,
4168523459,,,,,
1504956541,,,,,1
0,,,,,1
1072479191,,,,,
1072479338,,,,,0
0,,,,,1
0,,,,,1
3720472470,,,,,
1546188227,,,,,1
1753331400,,,,,1
0,,,,,1
1072479569,,,,,
1072480911,,,,,1
0,,,,,1
1239,,,,,
3544550610,,,,,
3299909273,,,,,1
0,,,,,1
1072483910,,,,,
1072484749,,,,,0
0,,,,,1
0,,,,,1
228148663,,,,,
3558294505,,,,,1
1753351200,,,,,1
0,,,,,1
1072481938,,,,,
1072482211,,,,,1
0,,,,,1
1901,,,,,
731175232,,,,,
1968125814,,,,,1
0,,,,,1
1072483532,,,,,
1072483595,,,,,0
0,,,,,0
0,,,,,1
1356522471,,,,,
1506330930,,,,,1
1753371000,,,,,1
0,,,,,1
1072481771,,,,,
1072483595,,,,,1
0,,,,,1
2702,,,,,0
1451355349,,,,,
105827994,,,,,1
0,,,,,1
1072484099,,,,,
1072484161,,,,,0
0,,,,,1
0,,,,,1
3299909273,,,,,
1220457907,,,,,1
1753390800,,,,,1
0,,,,,1
1072483050,,,,,
1072483637,,,,,1
0,,,,,15
1116,,,,,
1926894128,,,,,
2674562035,,,,,1
0,,,,,1
1072479212,,,,,
1072480533,,,,,0
0,,,,,1
0,,,,,0
2307600029,,,,,
2321343924,,,,,1
1753410600,,,,,1
0,,,,,1
1072482022,,,,,
1072482295,,,,,1
0,,,,,1
2007,,,,,12900
3625639593,,,,,
934584884,,,,,1
0,,,,,1
1072480722,,,,,
1072481183,,,,,0
0,,,,,1
0,,,,,0
798520320,,,,,
553878982,,,,,1
1753430400,,,,,1
0,,,,,1
1072479002,,,,,
1072479170,,,,,1329
0,,,,,1
1833,,,,,
50852413,,,,,
1654765000,,,,,1
0,,,,,1
1072479967,,,,,
1072480764,,,,,0
0,,,,,1
0,,,,,0
3951369912,,,,,
3095125232,,,,,1
1753450200,,,,,1
0,,,,,1
1072476884,,,,,
1072477513,,,,,0
0,,,,,0
1640,,,,,
1110506744,,,,,
3339766569,,,,,1
0,,,,,1
1072480659,,,,,
1072482190,,,,,0
0,,,,,1
0,,,,,1
1287802994,,,,,
2293856133,,,,,1
1753470000,,,,,1
0,,,,,1
1072482442,,,,,
1072482840,,,,,1
0,,,,,390573
1099,,,,,
3653127383,,,,,
472790000,,,,,1
0,,,,,1
1072483029,,,,,
1072483197,,,,,0
0,,,,,1
0,,,,,1
948328779,,,,,
10995116,,,,,1
1753662600,,,,,1
0,,,,,0
1072483323,,,,,
1072483595,,,,,1
0,,,,,1
903,,,,,0
2457408488,,,,,
4183641744,,,,,1
0,,,,,1
1072485755,,,,,
1072486531,,,,,0
0,,,,,15
0,,,,,1
1981869709,,,,,
3708102965,,,,,1
1753682400,,,,,1
0,,,,,1
1072481792,,,,,
1072481938,,,,,1
0,,,,,1
1065,,,,,
2402432907,,,,,
3150100814,,,,,1
0,,,,,1
1072479862,,,,,
1072480408,,,,,0
0,,,,,0
0,,,,,0
2917828982,,,,,
3040149651,,,,,1
1753702200,,,,,1
0,,,,,1
1072473340,,,,,
1072474619,,,,,0
0,,,,,1
1979,,,,,
1544813837,,,,,
1544813837,,,,,1
0,,,,,1
1072474284,,,,,
1072475144,,,,,0
0,,,,,1
0,,,,,1
688569157,,,,,
4249612441,,,,,1
1753722000,,,,,1
0,,,,,1
1072472459,,,,,
1072473802,,,,,1
0,,,,,0
2089,,,,,
2576980378,,,,,
755914244,,,,,1
0,,,,,1
1072471474,,,,,
1072471893,,,,,0
0,,,,,1
0,,,,,0
2251250058,,,,,
538760698,,,,,1
1753741800,,,,,1
0,,,,,1
1072473655,,,,,
1072474053,,,,,1
0,,,,,1
141,,,,,0
769658139,,,,,
810889825,,,,,1
0,,,,,1
1072475458,,,,,
1072475626,,,,,0
0,,,,,1
0,,,,,0
1028043372,,,,,
294119360,,,,,1
1753761600,,,,,1
0,,,,,0
1072474410,,,,,
1072474724,,,,,1
0,,,,,1
1561,,,,,
2414802413,,,,,
1313916395,,,,,1
0,,,,,1
1072474200,,,,,
1072474976,,,,,0
0,,,,,1
0,,,,,1
1436237064,,,,,
2686931540,,,,,1
1753781400,,,,,1
0,,,,,0
1072470278,,,,,
1072471851,,,,,1
0,,,,,0
2153,,,,,
3474456744,,,,,
1531069942,,,,,1
0,,,,,1
1072474242,,,,,
1072474976,,,,,0
0,,,,,0
0,,,,,1
416440029,,,,,
3121238633,,,,,1
1753801200,,,,,1
0,,,,,1
1072472585,,,,,
1072473487,,,,,1
0,,,,,1
2564,,,,,
2101441599,,,,,
1258940814,,,,,1
0,,,,,1
1072476234,,,,,
1072476339,,,,,0
0,,,,,4
0,,,,,1
4046202790,,,,,
1001929971,,,,,1
1753821000,,,,,1
0,,,,,0
1072476045,,,,,
1072476213,,,,,1
0,,,,,1
1413,,,,,0
1708366192,,,,,
9620727,,,,,1
0,,,,,1
1072475857,,,,,
1072475941,,,,,0
0,,,,,1
0,,,,,1
1219083517,,,,,
2578354767,,,,,1
1753840800,,,,,1
0,,,,,1
1072476318,,,,,
1072477283,,,,,1
0,,,,,1
1802,,,,,
1858174651,,,,,
3584407907,,,,,1
0,,,,,1
1072476779,,,,,
1072477828,,,,,0
0,,,,,1
0,,,,,0
1355148081,,,,,
9620727,,,,,1
1753860600,,,,,1
0,,,,,1
1072474850,,,,,
1072475815,,,,,1
0,,,,,1
2232,,,,,
335351046,,,,,
2673187645,,,,,1
0,,,,,1
1072473172,,,,,
1072474095,,,,,0
0,,,,,1
0,,,,,0
1789455174,,,,,
1422493168,,,,,1
1753880400,,,,,1
0,,,,,1
1072472732,,,,,
1072472816,,,,,1
0,,,,,1
1773,,,,,
2210018372,,,,,
2210018372,,,,,1
0,,,,,1
1072465707,,,,,
1072466902,,,,,0
0,,,,,0
0,,,,,1
1529695552,,,,,
428809535,,,,,1
1753900200,,,,,1
0,,,,,108
1072464511,,,,,
1072465853,,,,,1
0,,,,,0
1651,,,,,
1610784535,,,,,
999181192,,,,,1
0,,,,,1
1072459184,,,,,
1072461219,,,,,0
0,,,,,1
0,,,,,1
2711670552,,,,,
1610784535,,,,,1
1753920000,,,,,1
0,,,,,1
1072460464,,,,,
1072461596,,,,,1
0,,,,,0
549,,,,,0
1107757965,,,,,
2833991221,,,,,1
0,,,,,1
1072464155,,,,,
1072464993,,,,,0
0,,,,,1
0,,,,,1
3731467587,,,,,
3745211482,,,,,1
1753939800,,,,,1
0,,,,,1
1072465727,,,,,
1072466818,,,,,1
0,,,,,0
1916,,,,,
3119864244,,,,,
3174839825,,,,,1
0,,,,,1
1072469901,,,,,
1072471788,,,,,0
0,,,,,1
0,,,,,1
4044828401,,,,,
633593576,,,,,1
1753959600,,,,,1
0,,,,,1
1072468768,,,,,
1072469796,,,,,1
0,,,,,1
1938,,,,,
3486826250,,,,,
2508260901,,,,,1
0,,,,,1
1072465727,,,,,
1072466461,,,,,0
0,,,,,1
0,,,,,0
2820247325,,,,,
496154622,,,,,1
1753979400,,,,,1
0,,,,,1
1072462896,,,,,
1072463400,,,,,1
0,,,,,1
3346,,,,,
1922770959,,,,,
2792759535,,,,,1
0,,,,,1
1072463588,,,,,
1072463714,,,,,0
0,,,,,0
0,,,,,1
3554171337,,,,,
2589349883,,,,,1
1753999200,,,,,1
0,,,,,1
1072462519,,,,,
1072462833,,,,,0
0,,,,,0
1408,,,,,
2996169186,,,,,
1678129622,,,,,1
0,,,,,1
1072462666,,,,,
1072465119,,,,,0
0,,,,,1
0,,,,,1
2330964651,,,,,
1474719971,,,,,1
1754019000,,,,,1
0,,,,,1
1072462959,,,,,
1072465602,,,,,0
0,,,,,0
2120,,,,,
863116628,,,,,
2467029215,,,,,1
0,,,,,1
1072465707,,,,,
1072466357,,,,,0
0,,,,,1
0,,,,,1
401321744,,,,,
3731467587,,,,,1
1754038800,,,,,1
0,,,,,1
1072464805,,,,,
1072465895,,,,,0
0,,,,,1
2112,,,,,0
3962365029,,,,,
1393630988,,,,,1
0,,,,,1
1072463987,,,,,
1072464868,,,,,0
0,,,,,1
0,,,,,1
3703979796,,,,,
2508260901,,,,,1
1754058600,,,,,1
0,,,,,1
1072462624,,,,,
1072462729,,,,,1
0,,,,,1
7127,,,,,
3064888662,,,,,
2208643982,,,,,1
0,,,,,1
1072464532,,,,,
1072465937,,,,,0
0,,,,,0
0,,,,,1
1964002645,,,,,
129192616,,,,,1
1754078400,,,,,1
0,,,,,1
1072460296,,,,,
1072461806,,,,,1
0,,,,,1
3165,,,,,0
4246863662,,,,,
2045091628,,,,,1
0,,,,,1
1072465539,,,,,
1072467133,,,,,0
0,,,,,0
0,,,,,1
2181156192,,,,,
904348314,,,,,1
1754271000,,,,,1
0,,,,,1
1072463966,,,,,
1072464301,,,,,1
0,,,,,0
3374,,,,,
2847735116,,,,,
2780390029,,,,,1
0,,,,,1
1072469125,,,,,
1072469293,,,,,0
0,,,,,0
0,,,,,0
2902710697,,,,,
4139661279,,,,,1
1754290800,,,,,1
0,,,,,0
1072468118,,,,,
1072468307,,,,,1
0,,,,,1
2010,,,,,0
2018978227,,,,,
3622890814,,,,,1
0,,,,,1
1072466671,,,,,
1072468097,,,,,0
0,,,,,1
0,,,,,1
1312542006,,,,,
2073953808,,,,,1
1754310600,,,,,1
0,,,,,1
1072466965,,,,,
1072467426,,,,,1
0,,,,,0
2397,,,,,
809515436,,,,,
333976657,,,,,1
0,,,,,1
1072467867,,,,,
1072468663,,,,,0
0,,,,,1
0,,,,,1
306488866,,,,,
320232762,,,,,1
1754330400,,,,,1
0,,,,,1
1072463525,,,,,
1072463546,,,,,0
0,,,,,1
2247,,,,,0
3540427441,,,,,
1338655407,,,,,1
0,,,,,1
1072463274,,,,,
1072463400,,,,,0
0,,,,,1
0,,,,,1
2208643982,,,,,
999181192,,,,,1
1754350200,,,,,1
0,,,,,1
1072462183,,,,,
1072462770,,,,,1
0,,,,,1
815,,,,,108
2589349883,,,,,
4193262470,,,,,1
0,,,,,1
1072465287,,,,,
1072466042,,,,,0
0,,,,,0
0,,,,,1
6871948,,,,,
876860523,,,,,1
1754370000,,,,,1
0,,,,,1
1072462351,,,,,
1072463567,,,,,1
0,,,,,1
1446,,,,,0
2792759535,,,,,
482410727,,,,,1
0,,,,,1
1072464176,,,,,
1072464469,,,,,0
0,,,,,0
0,,,,,1
1094014070,,,,,
2480773110,,,,,1
1754389800,,,,,1
0,,,,,0
1072462372,,,,,
1072463861,,,,,0
0,,,,,0
2121,,,,,
3092376453,,,,,
1257566424,,,,,1
0,,,,,1
1072465287,,,,,
1072465371,,,,,0
0,,,,,1
0,,,,,0
2127555000,,,,,
918092209,,,,,1
1754409600,,,,,1
0,,,,,1
1072464280,,,,,
1072464595,,,,,1
0,,,,,1
4249,,,,,
3798812674,,,,,
3214697122,,,,,1
0,,,,,1
1072466545,,,,,
1072467594,,,,,0
0,,,,,0
0,,,,,1
1896657558,,,,,
1040412878,,,,,1
1754429400,,,,,1
0,,,,,0
1072464910,,,,,
1072465413,,,,,0
0,,,,,1
1355,,,,,0
387577849,,,,,
1827938081,,,,,1
0,,,,,1
1072463651,,,,,
1072465098,,,,,0
0,,,,,1
0,,,,,1
4193262470,,,,,
156680407,,,,,1
1754449200,,,,,1
0,,,,,1
1072466587,,,,,
1072466776,,,,,1
0,,,,,1
2387,,,,,
1162733546,,,,,
1557183343,,,,,1
0,,,,,1
1072469817,,,,,
1072470215,,,,,0
0,,,,,1
0,,,,,1
3202327616,,,,,
2346082936,,,,,1
1754469000,,,,,1
0,,,,,0
1072468810,,,,,
1072469523,,,,,1
0,,,,,1
2333,,,,,
2699301046,,,,,
1231453023,,,,,1
0,,,,,1
1072470111,,,,,
1072470907,,,,,0
0,,,,,1
0,,,,,1
3080006947,,,,,
2373570726,,,,,1
1754488800,,,,,1
0,,,,,1
1072471159,,,,,
1072472501,,,,,1
0,,,,,1
2205,,,,,0
2454659709,,,,,
2087697703,,,,,1
0,,,,,1
1072469041,,,,,
1072468999,,,,,0
0,,,,,30891
0,,,,,1
2440915814,,,,,
2454659709,,,,,1
1754508600,,,,,1
0,,,,,1
1072468747,,,,,
1072470111,,,,,1
0,,,,,39
1800,,,,,
239143779,,,,,
2943942383,,,,,1
0,,,,,1
1072470069,,,,,
1072470173,,,,,0
0,,,,,1
0,,,,,1
2535748692,,,,,
2535748692,,,,,1
1754528400,,,,,1
0,,,,,1
1072469880,,,,,
1072470027,,,,,1
0,,,,,1
1064,,,,,30891
2413428023,,,,,
2060209913,,,,,1
0,,,,,1
1072469775,,,,,
1072472229,,,,,0
0,,,,,1
0,,,,,1
361464448,,,,,
1598415029,,,,,1
1754548200,,,,,1
0,,,,,1
1072471096,,,,,
1072471935,,,,,0
0,,,,,0
1517,,,,,
633593576,,,,,
1884288052,,,,,1
0,,,,,1
1072473802,,,,,
1072474745,,,,,0
0,,,,,1
0,,,,,1
3910138226,,,,,
1966751424,,,,,1
1754568000,,,,,1
0,,,,,1
1072474494,,,,,
1072474661,,,,,0
0,,,,,0
2061,,,,,
797145930,,,,,
3882650436,,,,,1
0,,,,,1
1072475794,,,,,
1072476318,,,,,0
0,,,,,1
0,,,,,0
2537123081,,,,,
2292481744,,,,,1
1754587800,,,,,1
0,,,,,1
1072468936,,,,,
1072470803,,,,,0
0,,,,,1
2566,,,,,0
1706991802,,,,,
1843056366,,,,,1
0,,,,,1
1072470970,,,,,
